country,code,diabetes_prevalence_pct,military_exp_pct_gdp,hospital_beds_per_1000,gdp_per_capita_usd,life_expectancy_years,ncd_deaths_pct
Pakistan,PAK,31.4,2.66760037007452,0.63,1595.90912252837,67.799,52.0324546491852
Marshall Islands,MHL,25.7,,2.8,8489.05793506422,67.075,
Kuwait,KWT,25.6,4.84093247384389,2.33,32312.3119953634,84.580487804878,58.9727028596486
Samoa,WSM,25.4,,0.95,5872.78333308796,71.826,83.1080773081113
Kiribati,KIR,24.6,,1.86,2558.66636011102,66.6,65.5251644199295
Qatar,QAT,24.6,6.50020565272303,1.25,72524.9066385222,82.522,62.401074803005
Saudi Arabia,SAU,23.1,7.2981029390103,2.41,34536.6555456551,78.982,67.6288366416577
French Polynesia,PYF,22.8,,,22439.8838746025,84.192,
"Egypt, Arab Rep.",EGY,22.4,0.665263620234986,1.06,3085.80712036204,71.806,64.215855638486
Bahrain,BHR,22.1,2.8946654057963,1.84,30596.5794898885,81.423,74.3835017653742
New Caledonia,NCL,22.0,,,29213.1923192946,78.921,
Nauru,NRU,21.8,,4.97,14639.5046929186,62.279,
Malaysia,MYS,21.1,0.987556748730683,1.96,13124.5554178269,76.821,65.0026541298491
United Arab Emirates,ARE,20.7,5.64365135247024,1.87,50273.5126243239,83.069,68.0935518921907
Jordan,JOR,20.5,4.80018703722722,1.41,5347.77731384797,77.981,54.0501214968489
Guam,GUM,20.3,,,41833.1517132825,77.422,
Mauritius,MUS,20.1,0.149590857574221,3.8,12991.2935987166,73.7890243902439,80.899218542031
Vanuatu,VUT,19.7,,1.73,4038.73520713411,71.654,71.6865744328919
Tonga,TON,19.6,,2.48,6547.18646814228,73.07,84.6088784015214
Palau,PLW,19.3,,4.34,19532.3557719527,69.383,
"Micronesia, Fed. Sts.",FSM,19.2,,3.22,4414.00737137479,67.357,78.2923008826787
Tuvalu,TUV,19.0,,4.16,6344.7750188689,67.259,
Syrian Arab Republic,SYR,19.0,4.05614173609585,1.43,1056.78264718197,72.56,73.687760387098
Sudan,SDN,19.0,0.925377247984565,0.66,1164.53991699219,66.521,42.9313315142701
Dominican Republic,DOM,17.6,0.782420068931067,0.75,11059.2081531834,73.868,63.7217382329138
Algeria,DZA,17.5,7.97145723551219,1.61,6051.00322704182,76.475,73.8911228021245
Oman,OMN,17.0,5.59419531945284,0.99,19947.3966227092,80.246,52.1030118873433
Fiji,FJI,16.6,1.3128793789726,1.89,6642.00449450523,67.463,67.3055177326328
Turkiye,TUR,16.5,1.92255231276371,3.05,18599.4420922378,77.421,68.764261094899
Mexico,MEX,16.4,0.893257529320534,1.01,13889.2339628708,75.264,53.5759036602133
Guyana,GUY,16.4,0.868162254451279,3.24,32413.7930757518,70.319,47.210387944656
Tunisia,TUN,16.0,2.50636792573464,1.82,4656.63818386852,76.711,56.9283562498987
Libya,LBY,15.8,5.28705130951195,3.5,6448.82415074121,71.121,62.703708770059
West Bank and Gaza,PSE,15.5,,1.3,3171.10844621579,69.213,64.8408960483036
Belize,BLZ,14.1,0.898885869151742,1.0,7865.47937690933,73.739,53.9541363893056
Papua New Guinea,PNG,14.1,0.307995782327758,0.62,3019.5309140573,66.256,47.6051011952331
Argentina,ARG,14.0,0.618350391157195,3.36,14898.0885943842,77.543,60.5102125326468
St. Kitts and Nevis,KNA,13.8,,3.98,25223.0257622185,72.281,
Suriname,SUR,13.8,,2.87,7069.87230892274,73.757,49.9654798875738
Brunei Darussalam,BRN,13.7,3.57781609529419,3.58,32234.6428368582,75.501,80.7770563283158
United States,USA,13.7,3.41921653228044,2.68,90026.5163005744,78.890243902439,77.3875489533893
Bermuda,BMU,13.4,,6.3000001907,142250.433195123,82.49,
Curacao,CUW,13.4,,,22832.895498987,76.989,
Iraq,IRQ,13.4,2.35714058035714,1.06,5409.67899716967,72.424,63.4277606354426
Bangladesh,BGD,13.2,0.941321120606305,0.92,2597.34352335275,74.93,63.0722471595286
Barbados,BRB,13.2,,6.4,28364.8181499736,76.332,79.1796925751197
Guatemala,GTM,13.2,0.367622067360881,0.45,6598.18032988711,72.746,42.7090031679956
Dominica,DMA,12.9,,3.97,10989.0431185083,71.294,
El Salvador,SLV,12.7,1.18611916982816,1.21,5766.72574029107,72.302,53.9249973085079
Jamaica,JAM,12.5,1.27385736005958,1.65,8002.92104076242,71.606,68.6802411790269
Trinidad and Tobago,TTO,12.4,0.921416388185832,2.37,18967.2704636681,73.617,65.5386094677862
Lebanon,LBN,12.3,2.58828538225203,2.73,4473.27134441128,77.945,53.1922316479013
Chile,CHL,12.2,1.57780388625485,1.94,17994.5911957485,81.359,73.238409378537
Sao Tome and Principe,STP,12.1,,2.91,4084.40062145233,69.905,59.2554583489293
Solomon Islands,SLB,12.0,,2.7481000423,2086.18955928928,70.694,68.2202412099959
Bhutan,BTN,12.0,,2.16,4492.78400306618,73.262,71.6178949713212
China,CHN,11.9,1.71129740345228,5.63,13861.970224368,78.017,90.6830294831708
Morocco,MAR,11.9,3.51575374206256,0.73,4672.46826171875,75.493,74.0382001329403
Afghanistan,AFG,11.7,1.827933856217,0.35,416.871146273728,66.289,34.2581757399119
Antigua and Barbuda,ATG,11.6,,3.42,24819.2454680158,77.766,69.5647997186751
St. Lucia,LCA,11.4,,1.09,14745.8184305461,72.846,52.783217430709
Singapore,SGP,11.4,2.8417655746547,2.81,98813.9788172877,83.3463414634146,74.8934741824562
Indonesia,IDN,11.3,0.779216788275608,1.37,5059.62596411213,71.288,52.2221651280207
Grenada,GRD,11.3,,3.01,12106.8790105068,75.367,59.1081240898224
Cayman Islands,CYM,11.1,,3.0,104292.900672109,80.54,
Panama,PAN,11.1,0.974136501313688,1.95,19789.7308555826,79.775,66.6648604794993
Puerto Rico (US),PRI,10.9,,3.3199999332,40620.1526923687,81.902,81.3213973011794
Comoros,COM,10.8,,2.16,2055.75921566281,67.023,49.6982137530303
Montenegro,MNE,10.7,1.83253539270475,3.82,14816.8380299947,77.890243902439,65.2878281023609
Albania,ALB,10.6,2.03786228936679,2.9,12998.147869552,79.776,66.8816650654335
Brazil,BRA,10.6,0.972774559040702,2.52,10713.2856869511,76.023,57.4532112176043
India,IND,10.5,2.2712033218142,1.59,2702.47987141553,72.235,49.0788120326803
Croatia,HRV,10.5,1.79323424509814,5.6,27103.9116109268,78.9292682926829,80.4526629211494
Serbia,SRB,10.5,2.59513983105714,5.78,15262.0464193413,75.9682926829268,72.1603846623122
Portugal,PRT,10.5,1.53226822745255,3.48,32081.8106150292,82.3829268292683,80.252276521502
Kosovo,XKX,10.4,1.47659639574127,,7899.41841135202,78.222,
Nicaragua,NIC,10.4,0.545131278321867,0.97,3173.33724815085,75.1,48.8388724500471
Zambia,ZMB,10.3,1.33268361976463,2.0,1317.87771619597,66.528,31.1884695184438
Mongolia,MNG,10.3,0.742307300960191,8.58,7108.22743246244,72.3980487804878,73.5920720227814
Bosnia and Herzegovina,BIH,10.3,0.747079920408854,2.35,10381.8460703874,78.044,74.4536720622518
Azerbaijan,AZE,10.2,4.99292395978321,3.68,7410.72281660142,74.576,58.7616169551952
Sri Lanka,LKA,10.2,1.42539087177796,3.93,5002.07904353724,77.672,74.7596300151791
Thailand,THA,10.2,1.07876078016919,2.39,8056.56359761558,76.564,67.8360355331529
Andorra,AND,10.1,,2.56,54291.5026031052,84.188,
Israel,ISR,10.1,8.77671668977531,3.14,60336.8477964194,83.1975609756098,76.9411165249634
Malta,MLT,10.0,0.451123319487248,4.09,47906.9000057635,82.9560975609756,83.6186843555028
Cyprus,CYP,10.0,1.64735214954921,2.15,41783.08984375,81.821,82.7639427586355
"Korea, Dem. People's Rep.",PRK,9.9,,12.8,,73.743,79.0829101657933
Costa Rica,CRI,9.8,,1.14,19970.0989059622,80.996,66.8531126594543
Tanzania,TZA,9.8,1.154617473534,0.84,1318.81921386719,67.212,38.7530313726816
Spain,ESP,9.7,1.43210737406914,2.91,38627.2472148623,83.8878048780488,83.6146575866717
"Korea, Rep.",KOR,9.6,2.56205259386748,12.81,36226.9663637512,83.6292682926829,77.1761204119874
Maldives,MDV,9.5,,4.56,14614.7208116541,81.285,77.4854876052477
Cuba,CUB,9.4,2.87620737245072,4.33,9605.27914559614,78.264,61.0519651555228
Paraguay,PRY,9.4,0.933106143624753,1.04,7026.61906146401,73.982,48.3855434888407
Seychelles,SYC,9.3,1.17906851761683,2.63,19449.3836346926,76.2951219512195,69.0103164536549
Liberia,LBR,9.2,0.711206896551724,1.59,915.328972645548,62.324,34.9754513461152
Virgin Islands (U.S.),VIR,9.1,,18.6800003052,44320.909185774,80.7707317073171,
"Iran, Islamic Rep.",IRN,9.0,2.01043175751636,1.85,3924.38017821898,77.854,56.6159059697011
"Bahamas, The",BHS,8.9,,2.17,39455.4466548546,74.71,59.8215269334684
San Marino,SMR,8.6,,3.35,59871.3288101478,85.817,
"Venezuela, RB",VEN,8.6,0.500704497643446,0.99,3494.8138870244,72.673,68.6702087122928
St. Vincent and the Grenadines,VCT,8.6,,3.21,12561.769166789,71.382,74.4905390262306
Gabon,GAB,8.5,1.538206793748,1.95,8263.03321595,68.511,37.5854992309808
Haiti,HTI,8.5,0.068443100204951,4.9,2694.18969101404,65.119,54.7583415023085
Colombia,COL,8.4,3.35903368303836,1.7,8561.62091854449,77.913,57.6695609968946
Hungary,HUN,8.3,2.15630980446665,6.63,25907.4743259406,76.7243902439025,78.765258223988
"Hong Kong SAR, China",HKG,8.2,,4.89090013504028,56983.0663059906,85.3926829268293,
Equatorial Guinea,GNQ,8.2,0.982185856511218,2.1,6615.25245207167,63.906,31.8510347573694
"Congo, Rep.",COG,8.1,1.18596121569308,1.6,2514.73393584747,66.001,34.0124223199848
Poland,POL,8.1,4.15439387975356,6.04,28419.5777395638,78.409756097561,72.3337859834046
"Macao SAR, China",MAC,8.1,,5.29530000686646,75901.7461294198,83.3317073170732,
Japan,JPN,8.1,1.37139689580634,12.59,35951.0449549304,84.0363414634146,85.3434160587399
Benin,BEN,8.1,0.720549619940377,0.43,1658.27312662991,60.961,36.2332421726356
Tajikistan,TJK,8.0,1.84774975839365,4.04,1637.2542942547,71.927,57.1598288198902
Greece,GRC,8.0,3.12797536550149,4.27,26948.0070432791,81.8390243902439,77.1728999580882
Eswatini,SWZ,7.9,1.4440675502379,2.02,4108.25221093363,64.264,34.8193851012562
Uruguay,URY,7.8,2.31053827798919,2.44,25215.8238152781,78.287,71.8962090033314
Germany,DEU,7.8,1.89190377205494,7.55,60496.4350820414,80.7926829268293,85.030176762789
Canada,CAN,7.7,1.31303419578919,2.54,55697.6639660837,82.1080487804878,86.1421655647786
"Congo, Dem. Rep.",COD,7.7,1.22855267131451,0.8,806.776000708534,62.074,34.5598414835297
Italy,ITA,7.7,1.60924561245844,3.06,43308.6403060733,83.9512195121951,81.4861291719807
Nepal,NPL,7.7,0.979452474186084,0.54,1535.87781246307,70.636,55.3353172551134
Armenia,ARM,7.7,5.48174920349075,4.24,9474.01849300368,78.319512195122,71.9361694533847
Central African Republic,CAF,7.6,2.51969119903231,1.0,556.131398031455,57.671,22.764467261008
Czechia,CZE,7.6,1.91680849222604,6.54,35917.2724081665,79.9780487804878,72.9728096878019
Kyrgyz Republic,KGZ,7.6,2.96620373701758,3.73,3080.96893823359,72.4,61.4254785884069
Romania,ROU,7.5,2.29815245791591,7.23,22537.9532108047,76.4585365853659,72.817604763563
Uzbekistan,UZB,7.5,2.86661981035524,4.89,3968.2720079072,72.528,80.0890342320956
Lithuania,LTU,7.5,3.11817486440289,5.71,32958.6706396386,77.1951219512195,78.098232743004
Isle of Man,IMN,7.5,,1.75223833073534,90015.2074234398,81.091,
Cambodia,KHM,7.5,1.52066451977199,0.73,2872.42926639909,70.817,63.6229213716915
Philippines,PHL,7.5,1.32426895346612,0.97,4170.72347271451,69.946,68.4626405985578
North Macedonia,MKD,7.4,2.10352863426818,4.74,10489.9255355525,76.6165853658537,69.7191105533509
Australia,AUS,7.4,1.8837883329175,3.82,65129.7227990563,83.0512195121951,89.6272717929647
Bulgaria,BGR,7.4,2.14947328244853,8.2,20328.1667065538,75.7609756097561,76.613619336916
United Kingdom,GBR,7.4,2.2786177901127,2.42,57601.9621201954,81.3868536585366,79.6757507937637
Chad,TCD,7.3,2.98484990097129,0.15,1022.33559390754,55.238,23.4756986639437
Liechtenstein,LIE,7.2,,,220167.225473557,84.2,
South Africa,ZAF,7.2,0.700150834276412,2.25,6597.71450918774,66.312,37.1610921564697
Slovak Republic,SVK,7.1,2.01078152849676,5.57,28543.6653439813,78.3707317073171,66.8559226249726
Turkmenistan,TKM,7.1,2.90187475069805,3.6,6540.17876401136,70.201,67.1791380269814
Latvia,LVA,7.1,3.25799154535171,4.95,26311.9730706362,76.4292682926829,81.0841570254266
Slovenia,SVN,7.0,1.31001116486788,4.11,37376.2216079138,82.2853658536585,75.7885434078504
Estonia,EST,6.9,3.37400221824601,4.13,34417.6320815138,79.2951219512195,82.8531098953559
Monaco,MCO,6.9,,21.99,288001.574856495,86.497,
Iceland,ISL,6.9,,2.83,98323.4849517418,82.809756097561,89.9806478215902
Finland,FIN,6.9,2.29979173712597,2.61,56148.580949046,82.3365853658537,92.2523807978109
Cameroon,CMR,6.9,1.00912763032385,2.65,1972.3815800786,63.968,35.7199669776104
Kazakhstan,KAZ,6.8,0.42842846956594,6.54,14692.1331757237,74.531,59.8829524389268
Cabo Verde,CPV,6.8,0.623903407592831,2.21,5796.47207860911,76.224,64.1200994917821
Lao PDR,LAO,6.7,0.189895181780941,1.71,2324.76353098791,69.225,62.8866078816002
Myanmar,MMR,6.7,6.79452485229039,1.07,1488.87527836542,67.095,61.5712253500444
Georgia,GEO,6.7,1.86402941794564,4.04,9691.53472415196,74.657,68.6505429460307
New Zealand,NZL,6.7,1.19404695449297,2.51,49591.0405731713,82.009756097561,89.528781026162
France,FRA,6.5,2.05257687860637,5.65,48985.7307807924,82.9804878048781,78.9035375588078
Djibouti,DJI,6.5,2.62758252462798,1.4,3905.604954681,66.202,46.5524242096515
Peru,PER,6.4,0.909288680359786,1.56,9684.41170314988,77.941,41.5920508771201
Denmark,DNK,6.4,2.41617454160591,2.43,76970.1535217919,82.2536585365854,87.6995856432014
Moldova,MDA,6.3,0.597780838491135,5.54,8621.71721623786,71.332,72.6603393282291
Lesotho,LSO,6.2,1.56745014441231,1.3,1088.96276223185,57.798,34.070352005876
Ukraine,UKR,6.0,34.4815297701892,6.14,5865.884765625,74.692,72.8795054646579
Belgium,BEL,5.9,1.2770531266155,5.42,60750.2735864647,82.3,75.8535971254692
Russian Federation,RUS,5.9,7.05233864500366,6.81,17546.609375,73.4404878048781,62.3412031661021
"Somalia, Fed. Rep.",SOM,5.8,1.58578050121769,0.87,661.173877723116,58.967,25.1380776830653
Luxembourg,LUX,5.8,0.962679157025622,3.95,147252.179121515,83.1951219512195,79.8251415601762
Sweden,SWE,5.8,1.99771738810168,1.9,63133.2126736715,84.0634146341463,84.2874367435446
Malawi,MWI,5.7,1.02496048269861,1.3,671.506847203876,67.561,39.5921051795253
"Gambia, The",GMB,5.5,0.574440350261863,1.11,919.060423427951,66.057,38.5525715830377
"Yemen, Rep.",YEM,5.5,3.96689083277903,0.46,633.887202451545,69.439,41.53410593357
Austria,AUT,5.4,0.999843177036641,6.7,62930.0351324599,81.9951219512195,83.5282904653652
Faroe Islands,FRO,5.3,,,74175.2776311377,83.0832463414634,
Switzerland,CHE,5.3,0.717812077671144,4.38,114769.012314293,84.4073170731707,82.0530716824363
Namibia,NAM,5.3,2.73490195432496,2.7,4875.92558158247,67.516,29.9201127406207
Mauritania,MRT,5.2,2.15504682070845,0.4,2197.51046251309,68.713,42.6951830957598
Belarus,BLR,5.1,2.07364910790144,9.77,10279.2547190723,74.3653414634147,75.3320365311595
Honduras,HND,5.0,1.57536270602411,0.53,3598.21450440452,73.044,47.6630023262625
Netherlands,NLD,5.0,1.91642541759119,2.42,73683.917132794,81.9658536585366,78.1566359154581
Cote d'Ivoire,CIV,5.0,0.762358993041457,0.4,3050.10202257321,62.11,35.670179468665
Angola,AGO,4.9,1.00049213337543,0.75,3129.47662331063,64.805,35.3015592386942
Ecuador,ECU,4.9,2.22194770434425,1.32,7125.27618527738,77.579,62.2136050482973
Togo,TGO,4.8,1.99877193389434,0.33,1383.89974929887,62.935,43.4834918847341
Sierra Leone,SLE,4.8,0.462539633893509,0.4,846.296172499617,61.964,34.4620101650726
Mali,MLI,4.8,4.1981465701254,0.25,1193.27601004701,60.675,29.2380879440246
Norway,NOR,4.8,2.09124111193175,3.3,94594.1929573987,83.1609756097561,86.555413144726
Guinea-Bissau,GNB,4.8,1.2348847572106,1.0,1123.76679992349,64.254,30.8294254449587
Aruba,ABW,4.6,,,38590.5650288641,76.5,
Botswana,BWA,4.6,2.83392800595041,2.36,7778.1151090571,69.293,28.3490480240129
South Sudan,SSD,4.6,1.9617070809135,,1080.14718624765,57.738,28.8767929681202
Madagascar,MDG,4.6,0.708648145396825,0.32,599.265294255357,63.835,39.9623346601568
Guinea,GIN,4.6,2.05370337042453,0.3,1877.2541220972,60.904,33.0144174338877
Burkina Faso,BFA,4.5,4.67973196943363,0.2,1147.57131635601,61.292,35.6163851436063
Eritrea,ERI,4.4,20.8657453093811,1.02,688.68165957684,68.893,51.5632310150675
Ethiopia,ETH,4.4,0.650506448320295,0.33,932.729352775179,67.603,38.281509102057
Burundi,BDI,4.3,3.80127919699841,0.69,233.823013385395,63.818,38.847359533099
Greenland,GRL,4.3,,14.3534002304077,58498.9707973609,70.2734146341463,
Niger,NER,4.1,2.24177586841643,0.28,775.353622143879,61.433,23.924084371702
Senegal,SEN,3.8,1.56647768181405,0.71,1954.71174194867,68.924,47.6931596948885
Ireland,IRL,3.6,0.239096332495524,2.96,131592.462547877,83.009756097561,81.7330892911138
Viet Nam,VNM,3.4,1.80650138874311,2.52,5065.99091899299,74.736,78.2061969049514
Bolivia,BOL,3.4,1.37066364312669,1.49,5147.81081955367,68.739,37.5459098066861
Timor-Leste,TLS,3.2,2.66415662650602,0.38,1340.9640193437,67.904,51.104728894485
Kenya,KEN,3.1,0.999546585264659,1.33,2362.86091198611,63.834,37.785852428419
Nigeria,NGA,3.0,0.555429367236392,0.5,1224.25410237743,54.635,27.7024570108556
Mozambique,MOZ,3.0,1.99330115632931,0.74,626.914419215727,63.797,30.5847951626543
Ghana,GHA,2.7,0.383994182354107,0.69,3257.1588903576,65.695,46.7923674926638
Uganda,UGA,2.2,1.88159798311992,0.5,1206.30450825002,68.487,36.9435512422094
Rwanda,RWA,2.1,1.24772078121775,0.75,1123.73874633225,68.017,50.2896264133564
Zimbabwe,ZWE,1.5,0.351195023855751,1.95,3021.43019873632,63.064,38.3454285597608
